# ----- entity meta data ------

insert into metastore.cassandra_store_entity_metadata (name, entity, state, owner, tags, description, created_at, updated_at)
values  ('test_entity_1', '{"features": [{"name": "p_col1", "tags": ["a", "b"], "type": "BIGINT", "description": "something"}, {"name": "p_col2", "tags": ["a", "b"], "type": "BIGINT", "description": "something"}, {"name": "p_col3", "tags": ["a", "b"], "type": "BIGINT", "description": "something"}, {"name": "p_col4", "tags": ["a", "b"], "type": "VARCHAR", "description": "something"}, {"name": "p_col5", "tags": ["a", "b"], "type": "VARCHAR", "description": "something"}], "tableName": "test_entity_1", "primaryKeys": ["p_col1", "p_col2", "p_col3", "p_col4", "p_col5"]}', 'LIVE', 'ujjwal.bagrania@dream11.com', '["tpp", "suggest"]', 'some-description', '2024-02-20 08:56:47', '2024-02-20 08:56:47'),
        ('test_entity_2', '{"features": [{"name": "p_col1", "tags": ["a", "b"], "type": "BIGINT", "description": "something"}, {"name": "p_col2", "tags": ["a", "b"], "type": "BIGINT", "description": "something"}, {"name": "p_col3", "tags": ["a", "b"], "type": "BIGINT", "description": "something"}, {"name": "p_col4", "tags": ["a", "b"], "type": "VARCHAR", "description": "something"}, {"name": "p_col5", "tags": ["a", "b"], "type": "VARCHAR", "description": "something"}], "tableName": "test_entity_2", "primaryKeys": ["p_col1", "p_col2", "p_col3", "p_col4", "p_col5"]}', 'LIVE', 'ujjwal.bagrania@dream11.com', '["tpp", "suggest"]', 'some-description', '2024-02-20 08:56:47', '2024-02-20 08:56:47'),
        ('test_entity_3', '{"features": [{"name": "p_col1", "tags": ["a", "b"], "type": "BIGINT", "description": "something"}, {"name": "p_col2", "tags": ["a", "b"], "type": "BIGINT", "description": "something"}, {"name": "p_col3", "tags": ["a", "b"], "type": "BIGINT", "description": "something"}, {"name": "p_col4", "tags": ["a", "b"], "type": "VARCHAR", "description": "something"}, {"name": "p_col5", "tags": ["a", "b"], "type": "VARCHAR", "description": "something"}], "tableName": "test_entity_3", "primaryKeys": ["p_col1", "p_col2", "p_col3", "p_col4", "p_col5"]}', 'LIVE', 'ujjwal.bagrania@dream11.com', '["tpp", "suggest"]', 'some-description', '2024-02-20 08:56:47', '2024-02-20 08:56:47'),
        ('test_entity_4', '{"features": [{"name": "p_col1", "tags": ["a", "b"], "type": "BIGINT", "description": "something"}, {"name": "p_col2", "tags": ["a", "b"], "type": "BIGINT", "description": "something"}, {"name": "p_col3", "tags": ["a", "b"], "type": "BIGINT", "description": "something"}, {"name": "p_col4", "tags": ["a", "b"], "type": "VARCHAR", "description": "something"}, {"name": "p_col5", "tags": ["a", "b"], "type": "VARCHAR", "description": "something"}], "tableName": "test_entity_4", "primaryKeys": ["p_col1", "p_col2", "p_col3", "p_col4", "p_col5"]}', 'LIVE', 'ujjwal.bagrania@dream11.com', '["tpp", "suggest"]', 'some-description', '2024-02-20 08:56:47', '2024-02-20 08:56:47'),
        ('test_entity_5', '{"features": [{"name": "p_col1", "tags": ["a", "b"], "type": "BIGINT", "description": "something"}, {"name": "p_col2", "tags": ["a", "b"], "type": "BIGINT", "description": "something"}, {"name": "p_col3", "tags": ["a", "b"], "type": "BIGINT", "description": "something"}, {"name": "p_col4", "tags": ["a", "b"], "type": "VARCHAR", "description": "something"}, {"name": "p_col5", "tags": ["a", "b"], "type": "VARCHAR", "description": "something"}], "tableName": "test_entity_5", "primaryKeys": ["p_col1", "p_col2", "p_col3", "p_col4", "p_col5"]}', 'LIVE', 'ujjwal.bagrania@dream11.com', '["tpp", "suggest"]', 'some-description', '2024-02-20 08:56:47', '2024-02-20 08:56:47');

# ----- entity tag meta data ------

insert into metastore.cassandra_store_entity_tag_map (tag_name, entity_name) values ('test', 'test_entity_1');

# ------ feature tag map ------

insert into  metastore.cassandra_store_feature_group_tag_map (tag_name, feature_group_name, feature_group_version) values('tag_1','test_feature_group_9','v1');

# ----- fg meta data ------
insert into metastore.cassandra_store_feature_group_metadata (name, version, feature_group, entity_name, state, owner, tags, description, created_at, updated_at, tenant_config, feature_group_type)
values  ('test_feature_group_1', 'v1', '{"features": [{"name": "col1", "tags": ["a", "b"], "type": "TEXT", "description": "something"}, {"name": "col2", "tags": ["a", "b"], "type": "ASCII", "description": "something"}, {"name": "col3", "tags": ["a", "b"], "type": "VARCHAR", "description": "something"}, {"name": "col4", "tags": ["a", "b"], "type": "BLOB", "description": "something"}, {"name": "col5", "tags": ["a", "b"], "type": "BOOLEAN", "description": "something"}, {"name": "col6", "tags": ["a", "b"], "type": "DECIMAL", "description": "something"}, {"name": "col7", "tags": ["a", "b"], "type": "DOUBLE", "description": "something"}, {"name": "col8", "tags": ["a", "b"], "type": "FLOAT", "description": "something"}, {"name": "col9", "tags": ["a", "b"], "type": "INT", "description": "something"}, {"name": "col10", "tags": ["a", "b"], "type": "BIGINT", "description": "something"}, {"name": "col11", "tags": ["a", "b"], "type": "TIMESTAMP", "description": "something"}, {"name": "col12", "tags": ["a", "b"], "type": "TIMEUUID", "description": "something"}, {"name": "col13", "tags": ["a", "b"], "type": "UUID", "description": "something"}, {"name": "col14", "tags": ["a", "b"], "type": "INET", "description": "something"}, {"name": "col15", "tags": ["a", "b"], "type": "VARINT", "description": "something"}], "entityName": "test_entity_1", "featureGroupName": "test_feature_group_1", "featureGroupType": "ONLINE"}', 'test_entity_1', 'LIVE', 'saurabh@dream11.com', '["t1", "t2", "test_local", "test_local2"]', 'some-description', '2024-02-20 08:57:08', '2025-02-06 08:33:50', '{"read": "default-tenant", "write": "default-tenant", "consume": "default-tenant"}', 'ONLINE'),
        ('test_feature_group_10', 'v1', '{"features": [{"name": "col1", "tags": ["a", "b"], "type": "TEXT", "description": "something"}, {"name": "col2", "tags": ["a", "b"], "type": "ASCII", "description": "something"}, {"name": "col3", "tags": ["a", "b"], "type": "VARCHAR", "description": "something"}, {"name": "col4", "tags": ["a", "b"], "type": "BLOB", "description": "something"}, {"name": "col5", "tags": ["a", "b"], "type": "BOOLEAN", "description": "something"}, {"name": "col6", "tags": ["a", "b"], "type": "DECIMAL", "description": "something"}, {"name": "col7", "tags": ["a", "b"], "type": "DOUBLE", "description": "something"}, {"name": "col8", "tags": ["a", "b"], "type": "FLOAT", "description": "something"}, {"name": "col9", "tags": ["a", "b"], "type": "INT", "description": "something"}, {"name": "col10", "tags": ["a", "b"], "type": "BIGINT", "description": "something"}, {"name": "col11", "tags": ["a", "b"], "type": "TIMESTAMP", "description": "something"}, {"name": "col12", "tags": ["a", "b"], "type": "TIMEUUID", "description": "something"}, {"name": "col13", "tags": ["a", "b"], "type": "UUID", "description": "something"}, {"name": "col14", "tags": ["a", "b"], "type": "INET", "description": "something"}, {"name": "col15", "tags": ["a", "b"], "type": "VARINT", "description": "something"}], "entityName": "test_entity_5", "featureGroupName": "test_feature_group_10", "featureGroupType": "ONLINE"}', 'test_entity_5', 'LIVE', 'ujjawal@dream11.com', '["t1", "t5"]', 'random-description', '2024-02-20 08:57:08', '2025-02-06 08:33:50', '{"read": "default-tenant", "write": "default-tenant", "consume": "default-tenant"}', 'ONLINE'),
        ('test_feature_group_2', 'v1', '{"features": [{"name": "col1", "tags": ["a", "b"], "type": "TEXT", "description": "something"}, {"name": "col2", "tags": ["a", "b"], "type": "ASCII", "description": "something"}, {"name": "col3", "tags": ["a", "b"], "type": "VARCHAR", "description": "something"}, {"name": "col4", "tags": ["a", "b"], "type": "BLOB", "description": "something"}, {"name": "col5", "tags": ["a", "b"], "type": "BOOLEAN", "description": "something"}, {"name": "col6", "tags": ["a", "b"], "type": "DECIMAL", "description": "something"}, {"name": "col7", "tags": ["a", "b"], "type": "DOUBLE", "description": "something"}, {"name": "col8", "tags": ["a", "b"], "type": "FLOAT", "description": "something"}, {"name": "col9", "tags": ["a", "b"], "type": "INT", "description": "something"}, {"name": "col10", "tags": ["a", "b"], "type": "BIGINT", "description": "something"}, {"name": "col11", "tags": ["a", "b"], "type": "TIMESTAMP", "description": "something"}, {"name": "col12", "tags": ["a", "b"], "type": "TIMEUUID", "description": "something"}, {"name": "col13", "tags": ["a", "b"], "type": "UUID", "description": "something"}, {"name": "col14", "tags": ["a", "b"], "type": "INET", "description": "something"}, {"name": "col15", "tags": ["a", "b"], "type": "VARINT", "description": "something"}], "entityName": "test_entity_1", "featureGroupName": "test_feature_group_2", "featureGroupType": "ONLINE"}', 'test_entity_1', 'LIVE', 'bot@dream11.com', '["t1", "t6"]', 'bullshit', '2024-02-20 08:57:08', '2025-02-06 08:30:04', '{"read": "default-tenant", "write": "default-tenant", "consume": "default-tenant"}', 'ONLINE'),
        ('test_feature_group_3', 'v1', '{"features": [{"name": "col1", "tags": ["a", "b"], "type": "TEXT", "description": "something"}, {"name": "col2", "tags": ["a", "b"], "type": "ASCII", "description": "something"}, {"name": "col3", "tags": ["a", "b"], "type": "VARCHAR", "description": "something"}, {"name": "col4", "tags": ["a", "b"], "type": "BLOB", "description": "something"}, {"name": "col5", "tags": ["a", "b"], "type": "BOOLEAN", "description": "something"}, {"name": "col6", "tags": ["a", "b"], "type": "DECIMAL", "description": "something"}, {"name": "col7", "tags": ["a", "b"], "type": "DOUBLE", "description": "something"}, {"name": "col8", "tags": ["a", "b"], "type": "FLOAT", "description": "something"}, {"name": "col9", "tags": ["a", "b"], "type": "INT", "description": "something"}, {"name": "col10", "tags": ["a", "b"], "type": "BIGINT", "description": "something"}, {"name": "col11", "tags": ["a", "b"], "type": "TIMESTAMP", "description": "something"}, {"name": "col12", "tags": ["a", "b"], "type": "TIMEUUID", "description": "something"}, {"name": "col13", "tags": ["a", "b"], "type": "UUID", "description": "something"}, {"name": "col14", "tags": ["a", "b"], "type": "INET", "description": "something"}, {"name": "col15", "tags": ["a", "b"], "type": "VARINT", "description": "something"}], "entityName": "test_entity_2", "featureGroupName": "test_feature_group_3", "featureGroupType": "ONLINE"}', 'test_entity_2', 'LIVE', 'bot@dream11.com', '["t1", "t2"]', 'not a desc', '2024-02-20 08:57:08', '2025-02-06 08:30:04', '{"read": "default-tenant", "write": "default-tenant", "consume": "default-tenant"}', 'ONLINE'),
        ('test_feature_group_4', 'v1', '{"features": [{"name": "col1", "tags": ["a", "b"], "type": "TEXT", "description": "something"}, {"name": "col2", "tags": ["a", "b"], "type": "ASCII", "description": "something"}, {"name": "col3", "tags": ["a", "b"], "type": "VARCHAR", "description": "something"}, {"name": "col4", "tags": ["a", "b"], "type": "BLOB", "description": "something"}, {"name": "col5", "tags": ["a", "b"], "type": "BOOLEAN", "description": "something"}, {"name": "col6", "tags": ["a", "b"], "type": "DECIMAL", "description": "something"}, {"name": "col7", "tags": ["a", "b"], "type": "DOUBLE", "description": "something"}, {"name": "col8", "tags": ["a", "b"], "type": "FLOAT", "description": "something"}, {"name": "col9", "tags": ["a", "b"], "type": "INT", "description": "something"}, {"name": "col10", "tags": ["a", "b"], "type": "BIGINT", "description": "something"}, {"name": "col11", "tags": ["a", "b"], "type": "TIMESTAMP", "description": "something"}, {"name": "col12", "tags": ["a", "b"], "type": "TIMEUUID", "description": "something"}, {"name": "col13", "tags": ["a", "b"], "type": "UUID", "description": "something"}, {"name": "col14", "tags": ["a", "b"], "type": "INET", "description": "something"}, {"name": "col15", "tags": ["a", "b"], "type": "VARINT", "description": "something"}], "entityName": "test_entity_2", "featureGroupName": "test_feature_group_4", "featureGroupType": "ONLINE"}', 'test_entity_2', 'LIVE', 'bot@dream11.com', '["t1", "t2"]', 'some-description', '2024-02-20 08:57:08', '2024-02-20 08:57:08', '{"read": "default-tenant", "write": "default-tenant", "consume": "default-tenant"}', 'ONLINE'),
        ('test_feature_group_5', 'v1', '{"features": [{"name": "col1", "tags": ["a", "b"], "type": "TEXT", "description": "something"}, {"name": "col2", "tags": ["a", "b"], "type": "ASCII", "description": "something"}, {"name": "col3", "tags": ["a", "b"], "type": "VARCHAR", "description": "something"}, {"name": "col4", "tags": ["a", "b"], "type": "BLOB", "description": "something"}, {"name": "col5", "tags": ["a", "b"], "type": "BOOLEAN", "description": "something"}, {"name": "col6", "tags": ["a", "b"], "type": "DECIMAL", "description": "something"}, {"name": "col7", "tags": ["a", "b"], "type": "DOUBLE", "description": "something"}, {"name": "col8", "tags": ["a", "b"], "type": "FLOAT", "description": "something"}, {"name": "col9", "tags": ["a", "b"], "type": "INT", "description": "something"}, {"name": "col10", "tags": ["a", "b"], "type": "BIGINT", "description": "something"}, {"name": "col11", "tags": ["a", "b"], "type": "TIMESTAMP", "description": "something"}, {"name": "col12", "tags": ["a", "b"], "type": "TIMEUUID", "description": "something"}, {"name": "col13", "tags": ["a", "b"], "type": "UUID", "description": "something"}, {"name": "col14", "tags": ["a", "b"], "type": "INET", "description": "something"}, {"name": "col15", "tags": ["a", "b"], "type": "VARINT", "description": "something"}], "entityName": "test_entity_3", "featureGroupName": "test_feature_group_5", "featureGroupType": "ONLINE"}', 'test_entity_3', 'LIVE', 'bot@dream11.com', '["t1", "t2"]', 'some-description', '2024-02-20 08:57:08', '2024-02-20 08:57:08', '{"read": "default-tenant", "write": "default-tenant", "consume": "default-tenant"}', 'ONLINE'),
        ('test_feature_group_6', 'v1', '{"features": [{"name": "col1", "tags": ["a", "b"], "type": "TEXT", "description": "something"}, {"name": "col2", "tags": ["a", "b"], "type": "ASCII", "description": "something"}, {"name": "col3", "tags": ["a", "b"], "type": "VARCHAR", "description": "something"}, {"name": "col4", "tags": ["a", "b"], "type": "BLOB", "description": "something"}, {"name": "col5", "tags": ["a", "b"], "type": "BOOLEAN", "description": "something"}, {"name": "col6", "tags": ["a", "b"], "type": "DECIMAL", "description": "something"}, {"name": "col7", "tags": ["a", "b"], "type": "DOUBLE", "description": "something"}, {"name": "col8", "tags": ["a", "b"], "type": "FLOAT", "description": "something"}, {"name": "col9", "tags": ["a", "b"], "type": "INT", "description": "something"}, {"name": "col10", "tags": ["a", "b"], "type": "BIGINT", "description": "something"}, {"name": "col11", "tags": ["a", "b"], "type": "TIMESTAMP", "description": "something"}, {"name": "col12", "tags": ["a", "b"], "type": "TIMEUUID", "description": "something"}, {"name": "col13", "tags": ["a", "b"], "type": "UUID", "description": "something"}, {"name": "col14", "tags": ["a", "b"], "type": "INET", "description": "something"}, {"name": "col15", "tags": ["a", "b"], "type": "VARINT", "description": "something"}], "entityName": "test_entity_3", "featureGroupName": "test_feature_group_6", "featureGroupType": "ONLINE"}', 'test_entity_3', 'LIVE', 'bot@dream11.com', '["t1", "t2"]', 'some-description', '2024-02-20 08:57:08', '2025-02-06 16:23:25', '{"read": "default-tenant", "write": "default-tenant", "consume": "default-tenant"}', 'OFFLINE'),
        ('test_feature_group_7', 'v1', '{"features": [{"name": "col1", "tags": ["a", "b"], "type": "TEXT", "description": "something"}, {"name": "col2", "tags": ["a", "b"], "type": "ASCII", "description": "something"}, {"name": "col3", "tags": ["a", "b"], "type": "VARCHAR", "description": "something"}, {"name": "col4", "tags": ["a", "b"], "type": "BLOB", "description": "something"}, {"name": "col5", "tags": ["a", "b"], "type": "BOOLEAN", "description": "something"}, {"name": "col6", "tags": ["a", "b"], "type": "DECIMAL", "description": "something"}, {"name": "col7", "tags": ["a", "b"], "type": "DOUBLE", "description": "something"}, {"name": "col8", "tags": ["a", "b"], "type": "FLOAT", "description": "something"}, {"name": "col9", "tags": ["a", "b"], "type": "INT", "description": "something"}, {"name": "col10", "tags": ["a", "b"], "type": "BIGINT", "description": "something"}, {"name": "col11", "tags": ["a", "b"], "type": "TIMESTAMP", "description": "something"}, {"name": "col12", "tags": ["a", "b"], "type": "TIMEUUID", "description": "something"}, {"name": "col13", "tags": ["a", "b"], "type": "UUID", "description": "something"}, {"name": "col14", "tags": ["a", "b"], "type": "INET", "description": "something"}, {"name": "col15", "tags": ["a", "b"], "type": "VARINT", "description": "something"}], "entityName": "test_entity_4", "featureGroupName": "test_feature_group_7", "featureGroupType": "ONLINE"}', 'test_entity_4', 'LIVE', 'bot@dream11.com', '["t1", "t2"]', 'some-description', '2024-02-20 08:57:08', '2025-02-06 16:23:25', '{"read": "default-tenant", "write": "default-tenant", "consume": "default-tenant"}', 'OFFLINE'),
        ('test_feature_group_8', 'v1', '{"features": [{"name": "col1", "tags": ["a", "b"], "type": "TEXT", "description": "something"}, {"name": "col2", "tags": ["a", "b"], "type": "ASCII", "description": "something"}, {"name": "col3", "tags": ["a", "b"], "type": "VARCHAR", "description": "something"}, {"name": "col4", "tags": ["a", "b"], "type": "BLOB", "description": "something"}, {"name": "col5", "tags": ["a", "b"], "type": "BOOLEAN", "description": "something"}, {"name": "col6", "tags": ["a", "b"], "type": "DECIMAL", "description": "something"}, {"name": "col7", "tags": ["a", "b"], "type": "DOUBLE", "description": "something"}, {"name": "col8", "tags": ["a", "b"], "type": "FLOAT", "description": "something"}, {"name": "col9", "tags": ["a", "b"], "type": "INT", "description": "something"}, {"name": "col10", "tags": ["a", "b"], "type": "BIGINT", "description": "something"}, {"name": "col11", "tags": ["a", "b"], "type": "TIMESTAMP", "description": "something"}, {"name": "col12", "tags": ["a", "b"], "type": "TIMEUUID", "description": "something"}, {"name": "col13", "tags": ["a", "b"], "type": "UUID", "description": "something"}, {"name": "col14", "tags": ["a", "b"], "type": "INET", "description": "something"}, {"name": "col15", "tags": ["a", "b"], "type": "VARINT", "description": "something"}], "entityName": "test_entity_4", "featureGroupName": "test_feature_group_8", "featureGroupType": "ONLINE"}', 'test_entity_4', 'LIVE', 'bot@dream11.com', '["t1", "t2"]', 'some-description', '2024-02-20 08:57:08', '2024-02-20 08:57:08', '{"read": "default-tenant", "write": "default-tenant", "consume": "default-tenant"}', 'ONLINE'),
        ('test_feature_group_9', 'v1', '{"features": [{"name": "col1", "tags": ["a", "b"], "type": "TEXT", "description": "something"}, {"name": "col2", "tags": ["a", "b"], "type": "ASCII", "description": "something"}, {"name": "col3", "tags": ["a", "b"], "type": "VARCHAR", "description": "something"}, {"name": "col4", "tags": ["a", "b"], "type": "BLOB", "description": "something"}, {"name": "col5", "tags": ["a", "b"], "type": "BOOLEAN", "description": "something"}, {"name": "col6", "tags": ["a", "b"], "type": "DECIMAL", "description": "something"}, {"name": "col7", "tags": ["a", "b"], "type": "DOUBLE", "description": "something"}, {"name": "col8", "tags": ["a", "b"], "type": "FLOAT", "description": "something"}, {"name": "col9", "tags": ["a", "b"], "type": "INT", "description": "something"}, {"name": "col10", "tags": ["a", "b"], "type": "BIGINT", "description": "something"}, {"name": "col11", "tags": ["a", "b"], "type": "TIMESTAMP", "description": "something"}, {"name": "col12", "tags": ["a", "b"], "type": "TIMEUUID", "description": "something"}, {"name": "col13", "tags": ["a", "b"], "type": "UUID", "description": "something"}, {"name": "col14", "tags": ["a", "b"], "type": "INET", "description": "something"}, {"name": "col15", "tags": ["a", "b"], "type": "VARINT", "description": "something"}], "entityName": "test_entity_5", "featureGroupName": "test_feature_group_9", "featureGroupType": "ONLINE"}', 'test_entity_5', 'LIVE', 'bot@dream11.com', '["t1", "t2"]', 'some-description', '2024-02-20 08:57:08', '2024-02-20 08:57:08', '{"read": "default-tenant", "write": "default-tenant", "consume": "default-tenant"}', 'ONLINE');


# ----- fg run meta data ------
insert into metastore.cassandra_store_feature_group_run_data (name, version, run_id, source, time_taken, row_count, sample_data, status, error_message, created_at, updated_at, timestamp)
values  ('run1', 'v1', 'run-2025-02-11-14-48-19', '', 120, 100, '[{"key": "k4", "value": "v4"}, {"key": "k5", "value": "v5"}]', 'SUCCESS', '', '2025-02-11 14:48:19', '2025-02-11 14:48:19', 1739275729),
        ('run1', 'v1', 'run-2025-02-11-14-51-01', '', 120, 100, '[{"key": "k4", "value": "v4"}, {"key": "k5", "value": "v5"}]', 'SUCCESS', '', '2025-02-11 14:51:01', '2025-02-11 14:51:01', 1739275729),
        ('run2', 'v1', 'run-2025-02-11-14-48-19', '', 95, 50, '[{"key": "sampleKey3", "value": "sampleValue3"}]', 'FAILED', 'Some error occurred', '2025-02-11 14:48:19', '2025-02-11 14:48:19', 1739275729),
        ('run2', 'v1', 'run-2025-02-11-14-51-01', '', 95, 50, '[{"key": "sampleKey3", "value": "sampleValue3"}]', 'FAILED', 'Some error occurred', '2025-02-11 14:51:01', '2025-02-11 14:51:01', 1739275729),
        ('run2', 'v1', 'run-2025-02-11-14-51-12', '', 95, 50, '[{"key": "sampleKey3", "value": "sampleValue3"}]', 'FAILED', 'Some error occurred', '2025-02-11 14:51:12', '2025-02-11 14:51:12', 1739275729),
        ('runxyz', 'v1', 'run-2025-02-11-14-51-12', '', 120, 100, '[{"key": "k4", "value": "v4"}, {"key": "k5", "value": "v5"}]', 'SUCCESS', '', '2025-02-11 14:51:12', '2025-02-11 14:51:12', 1739275729),
        ('test_feature_group_1', 'v1', 'run-2025-02-06-23-43-32', '', 20, 23, '[{"key": "k1", "value": "v1"}, {"key": "k2", "value": "v2"}]', 'SUCCESS', '::: error :::', '2025-02-06 23:43:32', '2025-02-06 23:43:32', 1739275729),
        ('test_feature_group_2', 'v1', 'run-2025-02-06-23-43-32', '', 40, 19, '[{"key": "k3", "value": "v3"}, {"key": "k4", "value": "v4"}]', 'FAILED', '::: no ::: error :::', '2025-02-06 23:43:32', '2025-02-06 23:43:32', 1739275729);

# ----- fg version map meta data ------

insert into metastore.cassandra_store_feature_group_version_map (name, latest_version, updated_at)
values  ('test_feature_group_1', 'v1', '2024-02-20 08:57:13'),
        ('test_feature_group_10', 'v1', '2024-02-20 08:57:13'),
        ('test_feature_group_2', 'v1', '2024-02-20 08:57:13'),
        ('test_feature_group_3', 'v1', '2024-02-20 08:57:13'),
        ('test_feature_group_4', 'v1', '2024-02-20 08:57:13'),
        ('test_feature_group_5', 'v1', '2024-02-20 08:57:13'),
        ('test_feature_group_6', 'v1', '2024-02-20 08:57:13'),
        ('test_feature_group_7', 'v1', '2024-02-20 08:57:13'),
        ('test_feature_group_8', 'v1', '2024-02-20 08:57:13'),
        ('test_feature_group_9', 'v1', '2024-02-20 08:57:13');


# ----- fg tenant map meta data ------

insert into metastore.cassandra_store_tenant_consumer_map (tenant_name, topic_name, num_partitions, num_consumers, updated_at)
values  ('default-tenant', 'test_feature_group_5', 1, 1, '2025-02-05 14:44:05'),
        ('t1', 'test_feature_group_1', 1, 1, '2025-02-05 14:44:05'),
        ('t2', 'test_feature_group_2', 1, 1, '2025-02-05 14:44:05');